{
    "Michael": {
        "Noun": 22.126719891285884,
        "Verbs": 23.961270596228978,
        "Adjectives": 8.733367306494536
    },
    "Dwight": {
        "Nouns": 24.035540206771437,
        "Verbs": 23.462875128412495,
        "Adjectives": 8.741885423269437
    },
    "Pam": {
        "Nouns": 21.963278205401632,
        "Verbs": 24.654400217151057,
        "Adjectives": 9.149427070205713
    },
    "Jim": {
        "Nouns": 21.49521707137601,
        "Verbs": 24.11037527593819,
        "Adjectives": 9.274466519499631
    },
    "Kelly": {
        "Nouns": 21.48148148148148,
        "Verbs": 24.956561499771375,
        "Adjectives": 9.254686785550984
    },
    "Phyllis": {
        "Nouns": 22.54607801114445,
        "Verbs": 25.750107158165452,
        "Adjectives": 8.701243034719246
    },
    "Andy": {
        "Nouns": 23.585364430352662,
        "Verbs": 23.25662821684919,
        "Adjectives": 9.245462856698243
    },
    "Darryl": {
        "Nouns": 23.154938367920114,
        "Verbs": 24.41098455297238,
        "Adjectives": 8.870338586362928
    },
    "Oscar": {
        "Nouns": 22.73081004598514,
        "Verbs": 24.018394057304562,
        "Adjectives": 9.175804740007075
    },
    "Angela": {
        "Nouns": 22.477289467223176,
        "Verbs": 24.705376872084457,
        "Adjectives": 8.685244291676897
    },
    "Ryan": {
        "Nouns": 22.729193071398395,
        "Verbs": 23.919166314603576,
        "Adjectives": 8.73820588649486
    },
    "Erin": {
        "Nouns": 22.80582853270078,
        "Verbs": 24.26973907150119,
        "Adjectives": 9.827177228058286
    },
    "Toby": {
        "Nouns": 22.30267183357128,
        "Verbs": 24.148480522129308,
        "Adjectives": 9.43300020395676
    },
    "Stanley": {
        "Nouns": 22.99719887955182,
        "Verbs": 25.084033613445378,
        "Adjectives": 7.955182072829131
    },
    "Meredith": {
        "Nouns": 25.1028101439342,
        "Verbs": 23.492117888965044,
        "Adjectives": 8.755997258396162
    },
    "Kevin": {
        "Nouns": 24.159297747369777,
        "Verbs": 23.926934744723425,
        "Adjectives": 9.223520299490092
    },
    "Creed": {
        "Nouns": 24.93927125506073,
        "Verbs": 23.46153846153846,
        "Adjectives": 9.331983805668017
    }
}